key,key:userAccount,employeeCode,spokenLanguages,moment,briefBio,salary,photo,key:airline
#employeeCode
assistanceAgent-01,user-account-assistanceAgent-01,PL123456,Lorem ipsum dolor sit ame,2021/01/01 10:00,Lorem ipsum dolor sit amet. consectetur adipiscing elit. Sed do: eiusmod tempor incididunt ut labore et dolore magna aliqua! Ut*,500000.00 EUR,http://lorem.com/ipsum,airline-0
assistanceAgent-02,user-account-assistanceAgent-01,PLP123457,Lorem ipsum dolor sit ame,2021/01/01 10:00,Lorem ipsum dolor sit amet. consectetur adipiscing elit. Sed do: eiusmod tempor incididunt ut labore et dolore magna aliqua! Ut*,500000.00 EUR,http://lorem.com/ipsum
assistanceAgent-03,user-account-assistanceAgent-01,PLN123458,Lorem ipsum dolor sit ame,2021/01/01 10:00,Lorem ipsum dolor sit amet. consectetur adipiscing elit. Sed do: eiusmod tempor incididunt ut labore et dolore magna aliqua! Ut*,500000.00 EUR,http://lorem.com/ipsum
assistanceAgent-04,user-account-assistanceAgent-01,PL123459,Lorem ipsum dolor sit ame,2021/01/01 10:00,Lorem ipsum dolor sit amet. consectetur adipiscing elit. Sed do: eiusmod tempor incididunt ut labore et dolore magna aliqua! Ut*,500000.00 EUR,http://lorem.com/ipsum
assistanceAgent-05,user-account-assistanceAgent-01,PLO123410,Lorem ipsum dolor sit ame,2021/01/01 10:00,Lorem ipsum dolor sit amet. consectetur adipiscing elit. Sed do: eiusmod tempor incididunt ut labore et dolore magna aliqua! Ut*,500000.00 EUR,http://lorem.com/ipsum
#spokenLanguages
assistanceAgent-06,user-account-assistanceAgent-02,JE123100,Lorem ipsum dolor sit ame,2021/01/01 10:00,Lorem ipsum dolor sit amet. consectetur adipiscing elit. Sed do: eiusmod tempor incididunt ut labore et dolore magna aliqua! Ut*,500000.00 EUR,http://lorem.com/ipsum
assistanceAgent-07,user-account-assistanceAgent-02,JE123101,L,2021/01/01 10:00,Lorem ipsum dolor sit amet. consectetur adipiscing elit. Sed do: eiusmod tempor incididunt ut labore et dolore magna aliqua! Ut*,500000.00 EUR,http://lorem.com/ipsum
assistanceAgent-08,user-account-assistanceAgent-02,JEL123102,Lo,2021/01/01 10:00,Lorem ipsum dolor sit amet. consectetur adipiscing elit. Sed do: eiusmod tempor incididunt ut labore et dolore magna aliqua! Ut*,500000.00 EUR,http://lorem.com/ipsum
assistanceAgent-09,user-account-assistanceAgent-02,JE123103,Lorem ipsum dolor sit amet. consectetur adipiscin,2021/01/01 10:00,Lorem ipsum dolor sit amet. consectetur adipiscing elit. Sed do: eiusmod tempor incididunt ut labore et dolore magna aliqua! Ut*,500000.00 EUR,http://lorem.com/ipsum
assistanceAgent-10,user-account-assistanceAgent-02,JE123104,โลเร็ม อิปซัม,2021/01/01 10:00,Lorem ipsum dolor sit amet. consectetur adipiscing elit. Sed do: eiusmod tempor incididunt ut labore et dolore magna aliqua! Ut*,500000.00 EUR,http://lorem.com/ipsum
assistanceAgent-11,user-account-assistanceAgent-02,JEE123105,日本,2021/01/01 10:00,Lorem ipsum dolor sit amet. consectetur adipiscing elit. Sed do: eiusmod tempor incididunt ut labore et dolore magna aliqua! Ut*,500000.00 EUR,http://lorem.com/ipsum
assistanceAgent-12,user-account-assistanceAgent-02,JEO123106,洛伦·伊普森,2021/01/01 10:00,Lorem ipsum dolor sit amet. consectetur adipiscing elit. Sed do: eiusmod tempor incididunt ut labore et dolore magna aliqua! Ut*,500000.00 EUR,http://lorem.com/ipsum
assistanceAgent-13,user-account-assistanceAgent-02,JE123107,<marquee>Hacked</marquee>,2021/01/01 10:00,Lorem ipsum dolor sit amet. consectetur adipiscing elit. Sed do: eiusmod tempor incididunt ut labore et dolore magna aliqua! Ut*,500000.00 EUR,http://lorem.com/ipsumg
assistanceAgent-14,user-account-assistanceAgent-02,JE123108,<script>alert(‘Hacked!’);</script>,2021/01/01 10:00,Lorem ipsum dolor sit amet. consectetur adipiscing elit. Sed do: eiusmod tempor incididunt ut labore et dolore magna aliqua! Ut*,500000.00 EUR,http://lorem.com/ipsum
assistanceAgent-15,user-account-assistanceAgent-02,JE123109,' or 'A' = 'A,2021/01/01 10:00,Lorem ipsum dolor sit amet. consectetur adipiscing elit. Sed do: eiusmod tempor incididunt ut labore et dolore magna aliqua! Ut*,500000.00 EUR,http://lorem.com/ipsum
#moment
assistanceAgent-16,user-account-assistanceAgent-01,PL123110,Lorem ipsum dolor sit ame,2012/07/02 0:00,Lorem ipsum dolor sit amet. consectetur adipiscing elit. Sed do: eiusmod tempor incididunt ut labore et dolore magna aliqua! Ut*,500000.00 EUR,http://lorem.com/ipsum
assistanceAgent-17,user-account-assistanceAgent-01,PL123111,Lorem ipsum dolor sit ame,2000/01/01 0:00,Lorem ipsum dolor sit amet. consectetur adipiscing elit. Sed do: eiusmod tempor incididunt ut labore et dolore magna aliqua! Ut*,500000.00 EUR,http://lorem.com/ipsum
assistanceAgent-18,user-account-assistanceAgent-01,PL123112,Lorem ipsum dolor sit ame,2000/01/01 0:01,Lorem ipsum dolor sit amet. consectetur adipiscing elit. Sed do: eiusmod tempor incididunt ut labore et dolore magna aliqua! Ut*,500000.00 EUR,http://lorem.com/ipsum
assistanceAgent-19,user-account-assistanceAgent-01,PL123113,Lorem ipsum dolor sit ame,2024/12/31 23:59,Lorem ipsum dolor sit amet. consectetur adipiscing elit. Sed do: eiusmod tempor incididunt ut labore et dolore magna aliqua! Ut*,500000.00 EUR,http://lorem.com/ipsum
assistanceAgent-20,user-account-assistanceAgent-01,PL123114,Lorem ipsum dolor sit ame,2025/01/01 0:00,Lorem ipsum dolor sit amet. consectetur adipiscing elit. Sed do: eiusmod tempor incididunt ut labore et dolore magna aliqua! Ut*,500000.00 EUR,http://lorem.com/ipsum
#briefBio
assistanceAgent-21,user-account-assistanceAgent-01,PL123115,Lorem ipsum dolor sit ame,2021/01/01 10:00,Lorem ipsum dolor sit amet. consectetur adipiscing elit. Sed do: eiusmod tempor incididunt ut labore et dolore magna aliqua! Ut*,500000.00 EUR,http://lorem.com/ipsum
assistanceAgent-22,user-account-assistanceAgent-01,PL123116,Lorem ipsum dolor sit ame,2025/01/01 0:00,,45000.00 USD,http://lorem.com/ipsum
assistanceAgent-23,user-account-assistanceAgent-01,PL123117,Lorem ipsum dolor sit ame,2025/01/01 0:00,,45000.00 USD,http://lorem.com/ipsum
assistanceAgent-24,user-account-assistanceAgent-01,PL123118,Lorem ipsum dolor sit ame,2025/01/01 0:00,,45000.00 USD,http://lorem.com/ipsum
assistanceAgent-25,user-account-assistanceAgent-01,PL123119,Lorem ipsum dolor sit ame,2025/01/01 0:00,L,45000.00 USD,http://lorem.com/ipsum
assistanceAgent-26,user-account-assistanceAgent-01,PL123120,Lorem ipsum dolor sit ame,2025/01/01 0:00,Lorem ipsum dolor sit amet. consectetur adipiscing elit. Sed do: eiusmod tempor incididunt ut labore et dolore magna aliqua! Ut enim ad minim veniam? Quis nostrud exercitation ullamco laboris nisi ut aliquip ex ea commodo consequat. Duis aute irure dolor,500000.00 EUR,http://lorem.com/ipsum
assistanceAgent-27,user-account-assistanceAgent-01,PL123121,Lorem ipsum dolor sit ame,2025/01/01 0:00,Lorem ipsum dolor sit amet. consectetur adipiscing elit. Sed do: eiusmod tempor incididunt ut labore et dolore magna aliqua! Ut enim ad minim veniam? Quis nostrud exercitation ullamco laboris nisi ut aliquip ex ea commodo consequat. Duis aute irure dolor*,500000.00 EUR,http://lorem.com/ipsum
#salary
assistanceAgent-28,user-account-assistanceAgent-01,PL123122,Lorem ipsum dolor sit ame,2021/01/01 10:00,Lorem ipsum dolor sit amet. consectetur adipiscing elit. Sed do: eiusmod tempor incididunt ut labore et dolore magna aliqua! Ut*,500000.00 EUR,http://lorem.com/ipsum
assistanceAgent-29,user-account-assistanceAgent-01,PL123123,Lorem ipsum dolor sit ame,2021/01/01 10:00,Lorem ipsum dolor sit amet. consectetur adipiscing elit. Sed do: eiusmod tempor incididunt ut labore et dolore magna aliqua! Ut*,0.00 EUR,http://lorem.com/ipsum
assistanceAgent-30,user-account-assistanceAgent-01,PL123124,Lorem ipsum dolor sit ame,2021/01/01 10:00,Lorem ipsum dolor sit amet. consectetur adipiscing elit. Sed do: eiusmod tempor incididunt ut labore et dolore magna aliqua! Ut*,0.01 EUR,http://lorem.com/ipsum
assistanceAgent-31,user-account-assistanceAgent-01,PL123125,Lorem ipsum dolor sit ame,2021/01/01 10:00,Lorem ipsum dolor sit amet. consectetur adipiscing elit. Sed do: eiusmod tempor incididunt ut labore et dolore magna aliqua! Ut*,999999.99 EUR,http://lorem.com/ipsum
assistanceAgent-32,user-account-assistanceAgent-01,PL123126,Lorem ipsum dolor sit ame,2021/01/01 10:00,Lorem ipsum dolor sit amet. consectetur adipiscing elit. Sed do: eiusmod tempor incididunt ut labore et dolore magna aliqua! Ut*,1000000.00 EUR,http://lorem.com/ipsum
#photo
assistanceAgent-33,user-account-assistanceAgent-02,JE123127,Lorem ipsum dolor sit ame,2021/01/01 10:00,Lorem ipsum dolor sit amet. consectetur adipiscing elit. Sed do: eiusmod tempor incididunt ut labore et dolore magna aliqua! Ut*,500000.00 EUR,http://lorem.com/ipsum
assistanceAgent-34,user-account-assistanceAgent-02,JEE123128,Lorem ipsum dolor sit ame,2021/01/01 10:00,Lorem ipsum dolor sit amet. consectetur adipiscing elit. Sed do: eiusmod tempor incididunt ut labore et dolore magna aliqua! Ut*,500000.00 EUR,ftp://a
assistanceAgent-35,user-account-assistanceAgent-02,JEJ123129,Lorem ipsum dolor sit ame,2021/01/01 10:00,Lorem ipsum dolor sit amet. consectetur adipiscing elit. Sed do: eiusmod tempor incididunt ut labore et dolore magna aliqua! Ut*,500000.00 EUR,ftp://a.b
assistanceAgent-36,user-account-assistanceAgent-02,JE123130,Lorem ipsum dolor sit ame,2021/01/01 10:00,Lorem ipsum dolor sit amet. consectetur adipiscing elit. Sed do: eiusmod tempor incididunt ut labore et dolore magna aliqua! Ut*,500000.00 EUR,http://www.lorem-ipsum.org/dolor/sit/amet/consectetur/adipiscing/elit/sed/do/eiusmod/tempor/incididunt/ut/labore/et/dolore/magna/aliqua/Ut/enim/ad/minim/veniam/quis/nostrud/exercitation/ullamco/laboris/nisi/ut/aliquip/ex/ea/commodo/consequat/duis/aute/
assistanceAgent-37,user-account-assistanceAgent-02,JE123131,Lorem ipsum dolor sit ame,2021/01/01 10:00,Lorem ipsum dolor sit amet. consectetur adipiscing elit. Sed do: eiusmod tempor incididunt ut labore et dolore magna aliqua! Ut*,500000.00 EUR,http://www.lorem-ipsum.org/dolor/sit/amet/consectetur/adipiscing/elit/sed/do/eiusmod/tempor/incididunt/ut/labore/et/dolore/magna/aliqua/Ut/enim/ad/minim/veniam/quis/nostrud/exercitation/ullamco/laboris/nisi/ut/aliquip/ex/ea/commodo/consequat/duis/aute/X
assistanceAgent-38,user-account-assistanceAgent-02,JE123132,Lorem ipsum dolor sit ame,2021/01/01 10:00,Lorem ipsum dolor sit amet. consectetur adipiscing elit. Sed do: eiusmod tempor incididunt ut labore et dolore magna aliqua! Ut*,500000.00 EUR,https://www.lorem-ipsum.org
assistanceAgent-39,user-account-assistanceAgent-02,JER123133,Lorem ipsum dolor sit ame,2021/01/01 10:00,Lorem ipsum dolor sit amet. consectetur adipiscing elit. Sed do: eiusmod tempor incididunt ut labore et dolore magna aliqua! Ut*,500000.00 EUR,ftp://www.lorem-ipsum.org
assistanceAgent-40,user-account-assistanceAgent-02,JEU123134,Lorem ipsum dolor sit ame,2021/01/01 10:00,Lorem ipsum dolor sit amet. consectetur adipiscing elit. Sed do: eiusmod tempor incididunt ut labore et dolore magna aliqua! Ut*,500000.00 EUR,http://www.lorem-ipsum.org/dolor/sit.html
assistanceAgent-41,user-account-assistanceAgent-02,JE123135,Lorem ipsum dolor sit ame,2021/01/01 10:00,Lorem ipsum dolor sit amet. consectetur adipiscing elit. Sed do: eiusmod tempor incididunt ut labore et dolore magna aliqua! Ut*,500000.00 EUR,http://www.lorem-ipsum.org/dolor/sit.html#dolor
assistanceAgent-42,user-account-assistanceAgent-02,JE123136,Lorem ipsum dolor sit ame,2021/01/01 10:00,Lorem ipsum dolor sit amet. consectetur adipiscing elit. Sed do: eiusmod tempor incididunt ut labore et dolore magna aliqua! Ut*,500000.00 EUR,http://example.org?a=1&b=2
assistanceAgent-43,user-account-assistanceAgent-02,JE123137,Lorem ipsum dolor sit ame,2021/01/01 10:00,Lorem ipsum dolor sit amet. consectetur adipiscing elit. Sed do: eiusmod tempor incididunt ut labore et dolore magna aliqua! Ut*,500000.00 EUR,http://example.org?
assistanceAgent-44,user-account-assistanceAgent-02,JE123138,Lorem ipsum dolor sit ame,2021/01/01 10:00,Lorem ipsum dolor sit amet. consectetur adipiscing elit. Sed do: eiusmod tempor incididunt ut labore et dolore magna aliqua! Ut*,500000.00 EUR,http://example.org?a
assistanceAgent-45,user-account-assistanceAgent-02,JE123139,Lorem ipsum dolor sit ame,2021/01/01 10:00,Lorem ipsum dolor sit amet. consectetur adipiscing elit. Sed do: eiusmod tempor incididunt ut labore et dolore magna aliqua! Ut*,500000.00 EUR,http://example.org?a&b
assistanceAgent-46,user-account-assistanceAgent-02,JE123140,Lorem ipsum dolor sit ame,2021/01/01 10:00,Lorem ipsum dolor sit amet. consectetur adipiscing elit. Sed do: eiusmod tempor incididunt ut labore et dolore magna aliqua! Ut*,500000.00 EUR,http://example.org/
assistanceAgent-47,user-account-assistanceAgent-02,JE123141,Lorem ipsum dolor sit ame,2021/01/01 10:00,Lorem ipsum dolor sit amet. consectetur adipiscing elit. Sed do: eiusmod tempor incididunt ut labore et dolore magna aliqua! Ut*,500000.00 EUR,http://example.org/a
assistanceAgent-48,user-account-assistanceAgent-02,JE123142,Lorem ipsum dolor sit ame,2021/01/01 10:00,Lorem ipsum dolor sit amet. consectetur adipiscing elit. Sed do: eiusmod tempor incididunt ut labore et dolore magna aliqua! Ut*,500000.00 EUR,http://example.org/a/b
assistanceAgent-49,user-account-assistanceAgent-02,JE123143,Lorem ipsum dolor sit ame,2021/01/01 10:00,Lorem ipsum dolor sit amet. consectetur adipiscing elit. Sed do: eiusmod tempor incididunt ut labore et dolore magna aliqua! Ut*,500000.00 EUR,http://example.org/a/b?
assistanceAgent-50,user-account-assistanceAgent-02,JE123144,Lorem ipsum dolor sit ame,2021/01/01 10:00,Lorem ipsum dolor sit amet. consectetur adipiscing elit. Sed do: eiusmod tempor incididunt ut labore et dolore magna aliqua! Ut*,500000.00 EUR,http://example.org/a/b?a&b
